Date, Close/Last, Volume, Open, High, Low
12/09/2020, $156.02, 7947152, $158.6, $161.07, $155.55
12/08/2020, $158.8, 6088312, $157.46, $159.29, $155.874
12/07/2020, $158.02, 7009334, $158.55, $158.97, $156.71
12/04/2020, $157.62, 12759950, $150.3, $158.09, $150
12/03/2020, $149.91, 6355269, $151.04, $152.7739, $149.64
12/02/2020, $149.98, 7800326, $150.51, $151.49, $149.62
12/01/2020, $151.26, 11910500, $148.79, $152.39, $147.7943
11/30/2020, $147.17, 8712502, $144.63, $147.29, $144.05
11/27/2020, $143.83, 3878048, $145.49, $146.43, $143.7
11/25/2020, $144.08, 6398910, $145.95, $147.49, $144.04
11/24/2020, $145.93, 10807320, $143.39, $146.33, $141.11
11/23/2020, $143.82, 11654920, $142.35, $147, $141.8801
11/20/2020, $146.03, 5555858, $148.28, $149.1, $145.94
11/19/2020, $147.53, 7743707, $146.561, $149.3, $145.46
11/18/2020, $147.05, 12124510, $149.24, $153.33, $146.91
11/17/2020, $148.74, 7438646, $149.02, $149.85, $147.1836
11/16/2020, $149.07, 7598487, $145.2, $149.25, $144.55
11/13/2020, $144.26, 5902150, $145.538, $146.25, $143.23
11/12/2020, $143.91, 8585640, $147.57, $148.51, $143.07
11/11/2020, $147.69, 10222700, $144.5, $148.09, $144
11/10/2020, $140.11, 12019880, $140.148, $143.17, $138.53
11/09/2020, $142.61, 10666300, $149.41, $149.41, $142.44
11/06/2020, $145.01, 7278458, $146.01, $146.232, $143.96
11/05/2020, $145.41, 27910880, $145.819, $148.8, $141.83
11/04/2020, $128.97, 12608900, $129.325, $129.57, $126.07
11/03/2020, $125.45, 5832837, $125.44, $126.92, $124.69
11/02/2020, $123.97, 5860276, $124.5, $126.17, $122.41
10/30/2020, $123.36, 7814462, $123.68, $125.245, $121.6
10/29/2020, $126.44, 7053259, $122.06, $127.69, $121.89
10/28/2020, $121.58, 8234821, $123.5, $123.82, $121.05
10/27/2020, $125.91, 5825518, $126.51, $126.96, $125.19
10/26/2020, $126.2, 6065923, $127.53, $128.67, $124.4
10/23/2020, $128.88, 3943056, $128.59, $129.1, $127.1
10/22/2020, $128.38, 3897002, $129.51, $129.59, $126.86
10/21/2020, $128.55, 4343992, $128.04, $130.42, $126.37
10/20/2020, $128.3, 4413343, $129.18, $129.33, $127.51
10/19/2020, $128.42, 5765840, $130.127, $131.96, $127.7
10/16/2020, $129.03, 6626992, $129.7, $130.19, $127.735
10/15/2020, $128.58, 7377948, $127.3, $129.135, $126.65
10/14/2020, $129.88, 13183610, $129.08, $132.42, $128.93
10/13/2020, $127.46, 7605706, $127.47, $128.18, $125.4
10/12/2020, $126.69, 7893835, $127.6996, $127.6996, $124.9523
10/09/2020, $124.87, 11073410, $123.93, $125.89, $122.79
10/08/2020, $122.34, 4757536, $124, $124.43, $121.84
10/07/2020, $123.03, 7410347, $121.235, $123.36, $120.65
10/06/2020, $119.54, 7636963, $120.45, $122.52, $119.1
10/05/2020, $120.52, 5835936, $116.9, $120.65, $116.73
10/02/2020, $115.47, 5834337, $116.78, $118.66, $115.43
10/01/2020, $119.52, 5316766, $119.93, $120.205, $117.7
09/30/2020, $117.68, 5829731, $117.5, $119.255, $116.9238
09/29/2020, $117.38, 5687851, $118.14, $119.25, $117.2
09/28/2020, $118.47, 9043578, $115.96, $118.7391, $114.92
09/25/2020, $114.5, 11717990, $113.55, $115.75, $111.8
09/24/2020, $112.19, 6848958, $109.39, $113.29, $109.24
09/23/2020, $110.57, 6553322, $113.64, $113.93, $110.07
09/22/2020, $113.82, 6911176, $112.61, $114.25, $110.415
09/21/2020, $111.92, 8197611, $109.16, $112.14, $108.3
09/18/2020, $110.69, 15443200, $115.04, $115.43, $109.8
09/17/2020, $114.88, 7418146, $111.92, $115.6999, $111
09/16/2020, $114.56, 6342106, $118, $118, $114.54
09/15/2020, $116.58, 8773740, $114.94, $117.81, $114.79
09/14/2020, $113.46, 5397303, $115.24, $115.43, $112.65
09/11/2020, $113.42, 6740182, $113.38, $114.845, $112.4
09/10/2020, $112.44, 6166312, $115.15, $115.81, $111.57
09/09/2020, $114.02, 9708449, $113.48, $115.77, $112.3
09/08/2020, $109.77, 10245170, $111.94, $113.88, $109.62
09/04/2020, $115.97, 11064280, $115.69, $117.82, $112.38
09/03/2020, $116.43, 13560800, $121.3, $121.71, $115.6
09/02/2020, $123.18, 9167699, $123.26, $123.9299, $121.81
09/01/2020, $122.01, 9101301, $121.08, $122.57, $119.51
08/31/2020, $119.1, 9694649, $118.332, $121.06, $118.12
08/28/2020, $118.2, 6280250, $116.71, $118.26, $116.17
08/27/2020, $116.02, 8206185, $116.43, $118.18, $115.35
08/26/2020, $116.04, 7487404, $116.25, $116.55, $115.17
08/25/2020, $115.95, 6207980, $116.11, $117.1, $114.44
08/24/2020, $115.91, 10235000, $114.37, $116, $113.27
08/21/2020, $113, 8546881, $110.23, $113.15, $109.95
08/20/2020, $110.66, 7200318, $110, $110.98, $109.67
08/19/2020, $111.04, 7747599, $112.33, $113.47, $110.75
08/18/2020, $112.03, 6387011, $112.91, $113.38, $111.52
08/17/2020, $112.18, 10282990, $113.29, $114.49, $110.63
08/14/2020, $113.74, 6640963, $113.3, $114.52, $112.57
08/13/2020, $113.41, 9958426, $116.2, $116.2, $112.77
08/12/2020, $115.79, 18672310, $110.39, $116.25, $109.65
08/11/2020, $108.83, 17802960, $106.2, $112.01, $104.74
08/10/2020, $106.36, 10087130, $108.6, $108.99, $105.7226
08/07/2020, $108.25, 11155940, $110.01, $111.05, $106
08/06/2020, $111.06, 6392228, $111.23, $111.36, $109.93
08/05/2020, $111.39, 7970393, $111, $112.46, $110.08
08/04/2020, $110.95, 10205400, $109.49, $111.02, $108.66
08/03/2020, $109.59, 18903470, $107.4, $113, $107.0341
07/31/2020, $105.61, 16770270, $105.66, $107.753, $104.51
07/30/2020, $107.19, 42122510, $102.42, $107.69, $100.7
07/29/2020, $93.03, 11453040, $92.08, $93.62, $91.74
07/28/2020, $91.45, 5818417, $92.171, $92.59, $90.57
07/27/2020, $92.7, 8021665, $90.023, $92.84, $89.26
07/24/2020, $88.89, 9519999, $89.21, $90.29, $87.51
07/23/2020, $89.67, 9438516, $92.91, $92.97, $89.2287
07/22/2020, $92.6, 4366672, $92.74, $93.29, $91.67
07/21/2020, $92.31, 7099738, $93.55, $93.85, $91.81
07/20/2020, $93.17, 5407473, $92.192, $93.27, $91.3
07/17/2020, $92.23, 5985862, $91.68, $92.455, $91
07/16/2020, $91.2, 6178667, $91.264, $91.747, $90.68
07/15/2020, $92.55, 6154056, $92.93, $92.93, $91.01
07/14/2020, $92.38, 6570953, $90.86, $92.62, $89.2
07/13/2020, $91.33, 7606351, $93.3, $94.125, $91.2
07/10/2020, $92.51, 5687563, $93, $93.52, $91.56
07/09/2020, $93.25, 6287666, $93.95, $93.95, $91.44
07/08/2020, $93.53, 6692687, $93.27, $93.6, $92.34
07/07/2020, $92.14, 6722402, $92.97, $93.55, $91.91
07/06/2020, $92.92, 6933086, $93.21, $93.75, $92.1
07/02/2020, $91.87, 8317278, $91.09, $92.5, $90.8
07/01/2020, $89.78, 6990619, $91.01, $91.3, $89.58
06/30/2020, $91.21, 9378521, $89.2, $91.93, $89
06/29/2020, $89.01, 5870389, $88.211, $89.15, $86.68
06/26/2020, $88.02, 9126471, $89.07, $89.73, $87.54
06/25/2020, $88.96, 7062645, $88.7, $89.46, $87.32
06/24/2020, $89.14, 8208755, $89.175, $89.83, $87.42
06/23/2020, $89.35, 7778700, $90.14, $90.61, $89.11
06/22/2020, $89.13, 8028040, $88.72, $89.44, $87.61
06/19/2020, $88.81, 23213760, $89.87, $90.25, $87.535
06/18/2020, $89.92, 5709537, $89.85, $90.49, $89.03
06/17/2020, $89.94, 7620251, $90.68, $91.085, $89.3
06/16/2020, $89.52, 12646620, $89.9, $90.44, $87.76
06/15/2020, $86.39, 9861051, $83.67, $86.57, $83.1
06/12/2020, $85.24, 10113210, $86.25, $87.14, $83.53
06/11/2020, $84.02, 15241700, $88.62, $89.055, $83.91
06/10/2020, $91.01, 9079720, $90.25, $92.14, $90.03
06/09/2020, $89.75, 7327712, $90.23, $90.39, $89.06
06/08/2020, $91.37, 9748317, $89, $91.5, $88.34
06/05/2020, $88.55, 11882090, $88, $89.48, $87.82
06/04/2020, $86.04, 12108970, $83.95, $86.7, $83.95
06/03/2020, $84.11, 13029320, $84.95, $85.95, $83.62
06/02/2020, $84.63, 13255330, $79.93, $84.8798, $79.91
06/01/2020, $79.73, 6477494, $79.89, $80.48, $79.24
05/29/2020, $80.88, 10562460, $78.7, $81.2, $77.9
05/28/2020, $78.11, 11170860, $80.24, $81.48, $77.73
05/27/2020, $79.29, 9125850, $78.27, $79.32, $76.16
05/26/2020, $78.02, 10067340, $80.19, $80.57, $77.775
05/22/2020, $78.7, 5530399, $78.26, $78.76, $77.29
05/21/2020, $78, 8141452, $79.47, $80.0906, $77.8738
05/20/2020, $80.63, 11379190, $79.96, $81.96, $79.69
05/19/2020, $78.09, 8118408, $79.75, $80.15, $78
05/18/2020, $79.94, 13196130, $77.27, $80.18, $77.21
05/15/2020, $75.77, 29597760, $74.67, $77.7, $74.37
05/14/2020, $79.87, 9956772, $77.5, $80, $76.47
05/13/2020, $78, 9584756, $78.86, $79.51, $76.75
05/12/2020, $78.42, 7318108, $81.29, $81.79, $78.4
05/11/2020, $80.48, 6604560, $80.29, $81.27, $79.54
05/08/2020, $80.56, 7891915, $79.7, $81.09, $79.36
05/07/2020, $78.83, 7295662, $79.7, $80.17, $78.2601
05/06/2020, $78.87, 8179660, $78.81, $80.14, $78.52
05/05/2020, $77.63, 7540822, $76.75, $78.81, $76.56
05/04/2020, $75.68, 7202849, $75.16, $75.94, $74.09
05/01/2020, $75.64, 9742126, $76.85, $77.59, $74.68
04/30/2020, $78.67, 17113450, $80.27, $80.87, $77.28
04/29/2020, $78.97, 11950170, $77.17, $79.24, $76.83
04/28/2020, $75.29, 6250473, $77.108, $77.78, $75.16
04/27/2020, $75.98, 7219462, $76.59, $77.8201, $75.49
04/24/2020, $76.04, 6073839, $73.92, $76.11, $73.66
04/23/2020, $73.81, 7673845, $75, $76.17, $73.76
04/22/2020, $74.68, 7367881, $73.79, $75.34, $72.75
04/21/2020, $71.84, 9273758, $73.31, $73.97, $71.75
04/20/2020, $74.31, 7217662, $75.022, $76.23, $74.1
04/17/2020, $76.17, 9925952, $77.32, $78.25, $75.48
04/16/2020, $76.85, 8819658, $76.86, $77.69, $75.38
04/15/2020, $75.99, 9951706, $75.864, $76.34, $74.03
04/14/2020, $77.55, 11314130, $75, $77.665, $74.975
04/13/2020, $73.3, 7896541, $71.71, $73.51, $71.44
04/09/2020, $71.58, 15465070, $74.62, $74.84, $70
04/08/2020, $73.33, 10695610, $73.7, $74.375, $72.42
04/07/2020, $72.73, 11285560, $73.66, $74.9, $70.86
04/06/2020, $70.95, 12153090, $68.5, $71.37, $67.65
04/03/2020, $65.23, 8600729, $67.68, $68.69, $64.55
04/02/2020, $68.02, 15432870, $65.87, $68.26, $65.31
04/01/2020, $65.9, 14167920, $65, $68.7, $65
03/31/2020, $67.65, 13216270, $69.3, $70.36, $66.66
03/30/2020, $69.03, 9880831, $67.19, $69.5, $66.06
03/27/2020, $66.59, 9739098, $66.5, $69.12, $65.93
03/26/2020, $68.98, 15837900, $64, $69.655, $63.25
03/25/2020, $63.08, 15969790, $65.9, $66.96, $62.46
03/24/2020, $65.46, 18966800, $66, $67.62, $62.19
03/23/2020, $62.53, 14920270, $61.55, $64.86, $59.11
03/20/2020, $60.91, 16591460, $65.03, $67.98, $60.79
03/19/2020, $65, 17127380, $61.12, $67.55, $59.04
03/18/2020, $61.19, 18381230, $63.56, $65.56, $58
03/17/2020, $68.86, 16864540, $65.91, $69.81, $62.2
03/16/2020, $64.48, 16134660, $68.28, $71.17, $64.46
03/13/2020, $75.81, 15971420, $71.18, $76.67, $67.26
03/12/2020, $67.02, 19386250, $69.52, $72.53, $67
03/11/2020, $74.62, 13385130, $76.29, $77.79, $73.72
03/10/2020, $78.89, 13615620, $74.8, $79.04, $74.16
03/09/2020, $72.64, 13898510, $72.4, $76.1, $71.83
03/06/2020, $77.47, 11536520, $76.33, $78.08, $75.83
03/05/2020, $79.17, 9396192, $79.46, $81.37, $78.7
03/04/2020, $81.8, 9894894, $79.12, $81.91, $78.05
03/03/2020, $78.56, 16356240, $80.82, $82.65, $77.83
03/02/2020, $80.56, 15043360, $79.015, $80.71, $77.13
02/28/2020, $78.3, 20905480, $73.76, $79.81, $73.34
02/27/2020, $75.94, 17898300, $77.13, $78.19, $75.33
02/26/2020, $79.66, 13137750, $81, $82.03, $79.09
02/25/2020, $80.22, 14724970, $83.94, $84.4, $79.64
02/24/2020, $83.32, 12158500, $83.9, $84.83, $82.71
02/21/2020, $87.03, 12260940, $88.56, $89.03, $86.33
02/20/2020, $89.47, 9754899, $90.81, $91.88, $88.68
02/19/2020, $90.56, 7820938, $88.92, $90.62, $88.65
02/18/2020, $88.03, 7251738, $87.83, $89, $87.525
02/14/2020, $89.6, 6256463, $90.55, $90.8, $88.79
02/13/2020, $90.03, 8428261, $91.03, $91.3799, $89.7772
02/12/2020, $91.72, 9824153, $91.65, $92.44, $91.29
02/11/2020, $90, 9452795, $89.37, $91.47, $88.9
02/10/2020, $88.6, 7481257, $86.78, $88.635, $86.5
02/07/2020, $87.42, 10725090, $89.62, $90.03, $87.38
02/06/2020, $90.61, 21059030, $88.06, $90.775, $86.19
02/05/2020, $90.91, 14220870, $90.99, $91.14, $89.27
02/04/2020, $88.93, 9236376, $88.25, $88.95, $87.37
02/03/2020, $86.48, 7794550, $85.55, $86.58, $85.16
01/31/2020, $85.31, 9503569, $87.05, $87.1677, $85.04
01/30/2020, $87.78, 8379356, $87.31, $87.86, $86.19
01/29/2020, $88.23, 8167966, $88.66, $89.02, $87.35
01/28/2020, $89.15, 9186993, $88.15, $89.54, $87.3861
01/27/2020, $87.05, 9240203, $87.304, $88.22, $86.45
01/24/2020, $89.65, 9471659, $92.68, $93.25, $88.83
01/23/2020, $92, 11282020, $92.85, $92.95, $91.46
01/22/2020, $92.97, 8342302, $95.26, $95.39, $92.71
01/21/2020, $94.54, 10868540, $95.33, $95.7199, $93.4229
01/17/2020, $95.91, 23694370, $93, $96.17, $92.95
01/16/2020, $91.79, 9295519, $90.22, $92.229, $89.82
01/15/2020, $89.67, 7259093, $90.75, $91.18, $89.25
01/14/2020, $90.56, 7801839, $91.13, $91.61, $90.29
01/13/2020, $90.97, 10372100, $91.05, $92.73, $90.5485
01/10/2020, $90.26, 9670161, $90.51, $92.39, $89.87
01/09/2020, $89.91, 9182018, $89.66, $90.72, $88.83
01/08/2020, $88.71, 7621947, $88.9, $89.47, $87.92
01/07/2020, $88.97, 8477788, $87.04, $89.49, $86.91
01/06/2020, $86.51, 8383247, $85.91, $86.55, $85.54
01/03/2020, $87.02, 8340945, $87.26, $87.64, $86.44
01/02/2020, $88.69, 8416991, $89.05, $89.81, $88.08
12/31/2019, $88.23, 5173531, $87.99, $88.77, $87.88
12/30/2019, $88.43, 6545516, $88.71, $88.78, $87.31
12/27/2019, $88.8, 5809692, $88.9, $88.95, $88.09
12/26/2019, $88.4, 5072875, $88.92, $88.96, $87.9965
12/24/2019, $88.77, 2435244, $88.62, $88.81, $87.98
12/23/2019, $88.45, 7277068, $89.01, $89.33, $88.245
12/20/2019, $88.85, 17593140, $88.82, $89.85, $88.18
12/19/2019, $88.49, 7802786, $88.36, $88.701, $87.62
12/18/2019, $87.98, 5869644, $88.54, $88.65, $87.59
12/17/2019, $88.32, 7487131, $89, $89.04, $87.68
12/16/2019, $88.43, 8719995, $89.28, $90.46, $88.35
12/13/2019, $87.83, 12270500, $88.91, $89.7, $87.564
12/12/2019, $89.05, 12174230, $86.84, $89.229, $86.37
12/11/2019, $86.99, 9577072, $84.84, $87.1, $84.76
12/10/2019, $84.115, 8085329, $85.04, $85.33, $83.69
12/09/2019, $84.92, 8464304, $84, $85.3, $83.8401
12/06/2019, $83.82, 6861714, $83.45, $84.25, $83.42
12/05/2019, $82.585, 6362029, $82.65, $83.4409, $81.78
12/04/2019, $82.08, 8478868, $80.92, $82.44, $80.45
12/03/2019, $80.58, 11241840, $81.38, $81.39, $79.81
12/02/2019, $82.45, 7677407, $83.98, $84.29, $82.31
11/29/2019, $83.55, 3882382, $84.51, $85.1, $83.42
11/27/2019, $84.8, 5217649, $85.16, $85.31, $84.4713
11/26/2019, $84.63, 11587630, $85.25, $85.545, $84.14
11/25/2019, $85.29, 8967364, $85.76, $86.29, $85.08
11/22/2019, $84.89, 6166677, $85.29, $85.82, $84.53
11/21/2019, $85.11, 10180380, $84.79, $86.3, $84.55
11/20/2019, $85.62, 13050440, $87.82, $88.36, $85.31
11/19/2019, $87.96, 18096640, $91.25, $91.39, $86.68
11/18/2019, $90.48, 10367010, $90.81, $91.975, $89.28
11/15/2019, $90.81, 25491090, $92.6, $93.94, $90.5801
11/14/2019, $90.48, 8794397, $90.31, $90.58, $89.43
11/13/2019, $90.47, 9519644, $90.7, $91.9, $89.62
11/12/2019, $90.97, 9335820, $92.18, $92.25, $90.17
11/11/2019, $91.84, 11301320, $91.71, $92.5244, $90.89
11/08/2019, $94.03, 16375240, $89.98, $94.11, $89.6
11/07/2019, $89.98, 30254020, $89.83, $92.5, $88.32
11/06/2019, $84.63, 9755311, $85.34, $85.605, $84.2242
11/05/2019, $85.46, 7280027, $85.2, $85.74, $84.73
11/04/2019, $85.09, 8389196, $84.54, $85.87, $84.3082
11/01/2019, $83.58, 8620326, $81.59, $83.65, $81.25
10/31/2019, $80.44, 5693660, $81.44, $81.47, $79.84
10/30/2019, $81.44, 3970995, $82.1, $82.2482, $80.85
10/29/2019, $81.66, 4993553, $82.75, $82.85, $81.44
10/28/2019, $83.05, 9949753, $80.55, $83.13, $80.54
10/25/2019, $80.17, 6712346, $79, $80.23, $78.91
10/24/2019, $78.99, 5422321, $78.06, $79.02, $77.59
10/23/2019, $77.24, 5937606, $77.21, $78.13, $76.87
10/22/2019, $78.47, 5107829, $78.93, $79.07, $78.2405
10/21/2019, $78.98, 5307232, $78.38, $79.09, $78.01
10/18/2019, $77.68, 6110981, $78.62, $79.22, $77.6725
10/17/2019, $78.97, 5923920, $78.7, $79.96, $78.4
10/16/2019, $78.23, 6366587, $77.49, $78.32, $77.28
10/15/2019, $77.82, 5241661, $76.88, $77.98, $76.28
10/14/2019, $76.3, 4660287, $76.65, $77.37, $76.28
10/11/2019, $76.7, 7398164, $76.19, $77.82, $76.01
10/10/2019, $74.97, 6199401, $74.35, $75.9656, $74.17
10/09/2019, $74.35, 5271440, $73.91, $74.8, $73.56
10/08/2019, $72.85, 9194400, $75.52, $75.82, $72.81
10/07/2019, $76.34, 4400559, $77.01, $77.55, $76.27
10/04/2019, $77.49, 4920357, $76.32, $77.56, $75.84
10/03/2019, $75.73, 5633505, $73.93, $75.83, $73.16
10/02/2019, $73.99, 6288051, $75.26, $75.71, $73.77
10/01/2019, $75.47, 7049574, $77.06, $78.06, $74.97
09/30/2019, $76.28, 5286277, $76.89, $76.95, $76.02
09/27/2019, $76.63, 5013911, $77.01, $78.2, $76.21
09/26/2019, $77.35, 3803609, $77.16, $77.69, $75.94
09/25/2019, $77.26, 5700037, $75.03, $77.49, $74.88
09/24/2019, $75.23, 10446110, $78.08, $78.3, $74.63
09/23/2019, $77.24, 6264899, $76.67, $77.91, $76.0564
09/20/2019, $76.44, 9502747, $78.2, $78.7, $76.17
09/19/2019, $78.23, 5451003, $79.24, $80, $78.21
09/18/2019, $78.9, 5197751, $78.69, $79.07, $77.64
09/17/2019, $78.69, 4436415, $77.61, $78.79, $77.51
09/16/2019, $78.04, 3756484, $77.58, $78.485, $76.91
09/13/2019, $78.41, 5343695, $79.18, $79.535, $78.37
09/12/2019, $79.08, 5847092, $80.05, $80.05, $78.58
09/11/2019, $79.9, 6575726, $78.17, $79.905, $78.12
09/10/2019, $78.71, 9373881, $78.03, $78.875, $77.34
09/09/2019, $78.21, 6885162, $79.04, $79.45, $77.968
09/06/2019, $78.84, 5127957, $78.96, $79.079, $78.44
09/05/2019, $78.99, 13480670, $77.89, $80.44, $77.89
09/04/2019, $77.09, 4923888, $75.99, $77.12, $75.63
09/03/2019, $75.12, 7580872, $76.77, $76.99, $74.7
08/30/2019, $77.77, 8465646, $77.18, $78.05, $77
08/29/2019, $76.45, 7348577, $75.22, $77.025, $75.22
08/28/2019, $74.35, 5679043, $73.79, $74.88, $72.91
08/27/2019, $73.97, 7305375, $73.68, $74.38, $73.2
08/26/2019, $72.91, 11157100, $74.9, $75.09, $72.52
08/23/2019, $73.52, 16481000, $76.12, $79.1, $73.22
08/22/2019, $77.15, 7199830, $76.91, $77.95, $76.6
08/21/2019, $76.7, 11005470, $76.5, $77.19, $75.99
08/20/2019, $76.07, 9390323, $74.57, $76.435, $74.33
08/19/2019, $74.87, 9690401, $74.58, $75.53, $74.14
08/16/2019, $73.28, 10404360, $71.85, $73.41, $71.73
08/15/2019, $71.16, 9122466, $71.44, $72.19, $70.59
08/14/2019, $70.88, 10337330, $70.64, $71.89, $70.55
08/13/2019, $72.18, 10320090, $69.89, $72.47, $69.31
08/12/2019, $69.8, 7364325, $71, $71.4799, $69.73
08/09/2019, $71.5, 8702158, $70.51, $72.185, $70.19
08/08/2019, $71.26, 8367865, $69.56, $71.35, $69.35
08/07/2019, $69.4, 8934864, $67.26, $69.6, $67.12
08/06/2019, $68.17, 13189860, $69.52, $69.93, $67.38
08/05/2019, $68.8, 13071790, $69.97, $70.84, $68.56
08/02/2019, $71.15, 12649400, $70.44, $71.525, $70.0102
08/01/2019, $71.2, 29729750, $68.88, $73.71, $68.25
07/31/2019, $73.16, 14052750, $74.83, $75.28, $72.757
07/30/2019, $74.81, 7397857, $74.58, $75.07, $74.36
07/29/2019, $74.97, 8237515, $75.16, $76.32, $74.67
07/26/2019, $75.22, 8262592, $75.11, $75.85, $74.85
07/25/2019, $75.35, 7299472, $75.84, $76.14, $75.0965
07/24/2019, $75.87, 14012730, $74.01, $76.42, $73.68
07/23/2019, $74.12, 14420370, $75.34, $75.59, $73.31
07/22/2019, $75.95, 9645759, $75.06, $76.62, $75.06
07/19/2019, $75, 14477780, $74.42, $75.71, $74.42
07/18/2019, $74.37, 12585090, $74.97, $75.35, $74.05
07/17/2019, $75.76, 20602290, $78.57, $79.4, $75.71
07/16/2019, $75.67, 9909569, $75.11, $76.5, $74.55
07/15/2019, $75.43, 8898617, $75.15, $75.9, $74.79
07/12/2019, $74.9, 8028070, $74.25, $74.98, $73.66
07/11/2019, $73.71, 14298370, $74.52, $75.78, $73.299
07/10/2019, $74.36, 15075740, $76.83, $76.91, $74.08
07/09/2019, $76.55, 7506644, $76.44, $76.84, $75.84
07/08/2019, $76.63, 7924854, $75.98, $77.03, $75.93
07/05/2019, $76.66, 9220821, $74.2, $76.72, $74.1
07/03/2019, $76.63, 5290377, $77.07, $77.23, $76.05
07/02/2019, $77.01, 7079400, $77.28, $77.48, $76.62
07/01/2019, $77.52, 17705710, $80.67, $80.76, $77.08
06/28/2019, $76.07, 29217470, $75.66, $76.44, $74.81
06/27/2019, $75.43, 11151880, $75.34, $75.9, $75.17
06/26/2019, $74.95, 13807970, $73.76, $75.695, $73.65
06/25/2019, $72.55, 8953434, $73.23, $74.135, $72.52
06/24/2019, $73.16, 8893028, $72.97, $73.45, $72.2
06/21/2019, $72.72, 15244480, $72.31, $73.17, $72.31
06/20/2019, $72.74, 9871805, $73.19, $73.67, $72.228
06/19/2019, $71.8, 11999270, $72.37, $72.62, $70.8
06/18/2019, $71.96, 14507950, $69.69, $72.39, $69.67
06/17/2019, $69.11, 9411062, $69.09, $69.98, $68.9
06/14/2019, $68.72, 12119480, $68.35, $69.12, $67.9
06/13/2019, $69.93, 6790485, $69.97, $70.49, $69.38
06/12/2019, $69.59, 9396217, $69.53, $70.37, $69.2
06/11/2019, $71.24, 11839510, $71.58, $72.22, $70.2732
06/10/2019, $70.54, 15229200, $69, $71.46, $69
06/07/2019, $68.69, 10495640, $67.69, $68.78, $67.3
06/06/2019, $67.59, 10781680, $66.92, $67.97, $66.265
06/05/2019, $67.02, 11779190, $68.04, $68.33, $65.83
06/04/2019, $68.45, 15866730, $67.61, $68.5, $66.7
06/03/2019, $66.66, 13620740, $67.09, $68.13, $66.28
05/31/2019, $66.82, 15060330, $65.78, $67.84, $65.53
05/30/2019, $66.59, 11554570, $65.97, $67.07, $65.93
05/29/2019, $65.76, 16312640, $65.36, $66.15, $64.76
05/28/2019, $65.37, 22667320, $66.64, $67.71, $65.235
05/24/2019, $66.21, 21419950, $68.93, $69.15, $65.9686
05/23/2019, $68.255, 31820660, $67.02, $68.27, $65.9
05/22/2019, $69.31, 66150730, $69.13, $71.74, $67.97
05/21/2019, $77.75, 17282160, $78.91, $79.04, $77.22
05/20/2019, $76.62, 32679280, $77.95, $78.33, $76.07
05/17/2019, $81.5, 19523410, $80.49, $83.12, $80
05/16/2019, $82.81, 22498840, $83.79, $84.8, $82.13
05/15/2019, $86.26, 11784840, $85.55, $87, $84.89
05/14/2019, $86.13, 14353740, $84.27, $86.44, $84
05/13/2019, $83.89, 16689040, $83.24, $84.85, $82.99
05/10/2019, $85.84, 15955600, $83.38, $86.3292, $83.35
05/09/2019, $83.78, 14515980, $83.37, $84.8372, $82.26
05/08/2019, $84.54, 15500670, $84.85, $85.72, $84.11
05/07/2019, $85.2, 21579490, $87.2, $88.15, $84.78
05/06/2019, $88.25, 15682130, $86.33, $88.695, $86.14
05/03/2019, $89.29, 21068420, $87.76, $89.82, $87.06
05/02/2019, $87.14, 40341970, $87.5, $90.34, $86.15
05/01/2019, $86.37, 28211470, $87.17, $88.22, $86.15
04/30/2019, $86.13, 17522180, $86.98, $87.4599, $86.05
04/29/2019, $87.25, 17681060, $86.4, $87.98, $85.84
04/26/2019, $86.64, 18738320, $84.51, $86.755, $84.21
04/25/2019, $85.07, 20660020, $86.17, $86.32, $84.515
04/24/2019, $86.83, 40260830, $87.04, $88.63, $85.3
04/23/2019, $86.72, 56825660, $83.9, $87.96, $83.27
04/22/2019, $81.97, 33250190, $79.83, $82.5, $79.3376
04/18/2019, $79.89, 41101250, $78.72, $80.2, $78.0202
04/17/2019, $79.08, 155953900, $78.82, $82.52, $76.49
04/16/2019, $70.45, 85262370, $57.46, $71.03, $57.29
04/15/2019, $57.18, 10710850, $57.14, $57.67, $57.025
04/12/2019, $56.95, 13461600, $56.28, $57.17, $56.07
04/11/2019, $55.9, 13880440, $56.44, $56.9, $55.785
04/10/2019, $56.33, 15972490, $57.71, $57.86, $56.1
04/09/2019, $57.44, 11712820, $57.57, $57.66, $57.03
04/08/2019, $57.76, 8936237, $57.79, $58.49, $57.505
04/05/2019, $57.99, 12331840, $57.98, $58.19, $57.685
04/04/2019, $57.86, 9902964, $57.75, $58.61, $57.69
04/03/2019, $57.68, 11562320, $58.2, $58.29, $57.18
04/02/2019, $58.09, 7438715, $57.98, $58.53, $57.66
04/01/2019, $57.81, 11937700, $57.64, $58.15, $57.11
03/29/2019, $57.03, 8524335, $57, $57.555, $56.94
03/28/2019, $56.55, 11064020, $57.03, $57.39, $56.34
03/27/2019, $56.91, 11905380, $57.35, $57.665, $56.32
03/26/2019, $58, 16035850, $57.15, $58.39, $56.67
03/25/2019, $56.64, 6929255, $56.58, $56.9369, $56.07
03/22/2019, $56.82, 10241290, $57.68, $58.09, $56.7548
03/21/2019, $57.77, 19508070, $57.23, $58.28, $57.2
03/20/2019, $57.16, 8795319, $57.03, $57.69, $56.75
03/19/2019, $56.97, 9339699, $57.17, $57.68, $56.775
03/18/2019, $56.83, 13087270, $56.62, $57.19, $56.44
03/15/2019, $56.6, 26979810, $55, $57.34, $54.9201
03/14/2019, $55.4, 7300908, $55.53, $55.87, $55.25
03/13/2019, $55.39, 9107165, $55.03, $55.94, $55
03/12/2019, $54.84, 9573351, $54.66, $55.31, $54.54
03/11/2019, $54.35, 10726870, $53.72, $54.745, $53.65
03/08/2019, $53.53, 10110120, $53.45, $53.63, $53.03
03/07/2019, $54.03, 13648970, $54.83, $55.05, $53.61
03/06/2019, $54.8, 20451010, $53.89, $55.46, $53.73
03/05/2019, $53.94, 10013820, $53.9, $54.225, $53.7
03/04/2019, $53.78, 14011760, $54.58, $54.7, $53.255
03/01/2019, $54.2, 12304580, $54, $54.4, $53.71
02/28/2019, $53.39, 18624510, $53, $53.76, $52.71
02/27/2019, $53.04, 10423610, $52.95, $53.1291, $52.27
02/26/2019, $53.03, 11358720, $53.08, $53.2199, $52.28
02/25/2019, $52.99, 15277140, $53.78, $53.97, $52.9
02/22/2019, $53.12, 13392890, $52.69, $53.15, $52.64
02/21/2019, $52.35, 7814102, $52.5, $52.59, $51.9
02/20/2019, $52.45, 12860600, $52.25, $52.915, $52.135
02/19/2019, $52.01, 8196656, $52, $52.48, $51.75
02/15/2019, $51.98, 12078990, $52.08, $52.36, $51.6
02/14/2019, $51.57, 17893140, $51.5, $51.765, $51.0925
02/13/2019, $51.59, 10994080, $52, $52.49, $51.56
02/12/2019, $51.66, 16633260, $51.3, $52.18, $51.015
02/11/2019, $50.83, 9969719, $50.55, $51.3, $50.38
02/08/2019, $50.29, 12461180, $50.24, $50.68, $49.91
02/07/2019, $50.55, 10590350, $50.83, $51.12, $50.27
02/06/2019, $51.1, 10879420, $50.94, $51.635, $50.9274
02/05/2019, $50.73, 15450460, $49.73, $51.08, $49.72
02/04/2019, $49.69, 10860220, $49.71, $49.8, $49.465
02/01/2019, $49.61, 15433480, $49.58, $50.28, $49.4
01/31/2019, $49.52, 24558700, $51.2, $51.28, $49.1
01/30/2019, $50.17, 17578800, $49.68, $50.42, $49.21
01/29/2019, $49.4, 26249850, $50.49, $50.8381, $49.34
01/28/2019, $50.64, 24454460, $50.32, $51.29, $50.24
01/25/2019, $51.3, 19513010, $50.93, $52.03, $50.28
01/24/2019, $50.81, 30259740, $51.95, $51.98, $50.41
01/23/2019, $51.77, 33779310, $52.92, $53.57, $51.22
01/22/2019, $54.29, 17819940, $54.97, $54.99, $53.94
01/18/2019, $55.27, 26141600, $55.39, $55.9, $54.99
01/17/2019, $54.77, 18163610, $54.97, $55.2, $54.37
01/16/2019, $55.27, 13838750, $55.75, $56.08, $55.16
01/15/2019, $55.73, 17278180, $57.32, $57.4, $55.56
01/14/2019, $57.3, 9448101, $57.02, $57.65, $56.37
01/11/2019, $57.5, 12022060, $56.47, $58.17, $56.33
01/10/2019, $56.8, 10954470, $56.19, $56.99, $56.1
01/09/2019, $56.61, 10970950, $56.26, $57.11, $56.14
01/08/2019, $55.95, 12108720, $56.71, $56.88, $55.61
01/07/2019, $56.44, 12316290, $56.39, $57.16, $55.945
01/04/2019, $56.6, 14175400, $56.5, $56.83, $55.2101
01/03/2019, $55.7, 14395960, $55.95, $56.84, $55.52
01/02/2019, $57.4, 9885460, $56.2, $58, $55.92
12/31/2018, $56.91, 8876961, $57.12, $57.41, $56.2818
12/28/2018, $56.81, 12746290, $56.33, $57.53, $56.24
12/27/2018, $56.09, 15447600, $55.54, $56.39, $54.77
12/26/2018, $55.96, 18327720, $54.25, $56, $53.512
12/24/2018, $53.65, 8274961, $53.7, $54.89, $53.57
12/21/2018, $54.85, 38197880, $56.26, $57.28, $54.69
12/20/2018, $56.37, 21739630, $57.22, $57.94, $56.06
12/19/2018, $56.69, 17375570, $57.54, $58.5, $56.06
12/18/2018, $57.78, 12338230, $57.69, $58.54, $57.4
12/17/2018, $57, 16627350, $57.59, $58.34, $56.67
12/14/2018, $57.62, 13550980, $57.56, $59, $57.36
12/13/2018, $58.09, 8941884, $58.14, $58.38, $57.56
12/12/2018, $57.72, 13239360, $58.44, $58.58, $57.53
12/11/2018, $57.35, 13057400, $58.45, $58.66, $56.8313
12/10/2018, $57.24, 20330070, $57.77, $58.25, $56.64
12/07/2018, $55.99, 17050440, $56.61, $57.12, $55.73
12/06/2018, $57.11, 17893450, $56.01, $57.21, $55.6941
12/04/2018, $57.73, 15829600, $58.99, $59.48, $57.22
12/03/2018, $59.14, 17111810, $60.51, $60.51, $58.4
11/30/2018, $58.26, 18194030, $58.22, $58.47, $57.02
11/29/2018, $58.11, 26873000, $57.89, $59.05, $57.77
11/28/2018, $56.65, 17326030, $55.89, $56.72, $54.691
11/27/2018, $55.57, 9709175, $55.59, $56.225, $55.35
11/26/2018, $55.73, 10352690, $55.79, $56.38, $55.175
11/23/2018, $55.25, 4671883, $54.77, $55.745, $54.75
11/21/2018, $55.27, 13012000, $55.21, $56.5, $55.18
11/20/2018, $54.92, 20655110, $54.2, $55.4299, $54.07
11/19/2018, $54.9, 20080460, $55.85, $56.62, $54.87
11/16/2018, $55.88, 57297720, $55.12, $57.04, $54.99
11/15/2018, $55.39, 18849280, $53.83, $55.54, $53.53
11/14/2018, $53.94, 13836710, $54.84, $54.89, $53.67
11/13/2018, $54.16, 20880770, $54.74, $55.49, $54.05
11/12/2018, $54.49, 24215770, $56.37, $56.5, $54.43
11/09/2018, $56.72, 21741670, $57.78, $58.2356, $56.19
11/08/2018, $58.05, 32152810, $58, $60.15, $57.6
11/07/2018, $63.21, 18379760, $63.5, $63.75, $62.28
11/06/2018, $63.63, 8752637, $63.35, $64.34, $62.41
11/05/2018, $63.47, 13370050, $63.08, $63.8021, $62.66
11/02/2018, $63.33, 13478820, $63.94, $63.955, $62.3401
11/01/2018, $63.71, 10992620, $63.2, $64.31, $62.88
10/31/2018, $62.89, 12913140, $62.91, $63.52, $62.0681
10/30/2018, $63.18, 18862030, $62.36, $63.72, $62.17
10/29/2018, $62.17, 14771050, $63.5, $63.69, $61.27
10/26/2018, $62.48, 17043100, $61.5, $63.64, $61.18
10/25/2018, $63.2, 20380830, $63.81, $63.83, $62.35
10/24/2018, $62.62, 23301210, $65.87, $66.39, $62.5
10/23/2018, $66.38, 13437320, $63.66, $66.92, $63.57
10/22/2018, $66.12, 12886320, $65.69, $66.6, $65.225
10/19/2018, $65.36, 10671850, $65.45, $66.21, $65
10/18/2018, $65.15, 12214680, $65.68, $66.32, $64.87
10/17/2018, $66.1, 14777840, $66.38, $66.61, $65.29
10/16/2018, $66.12, 15929630, $64.78, $66.39, $64.62
10/15/2018, $64.17, 12287910, $64.23, $65.2, $64.01
10/12/2018, $64.29, 15656960, $65.55, $65.65, $63.27
10/11/2018, $64.29, 25808960, $66.35, $66.99, $63.61
10/10/2018, $66.73, 22216870, $68.77, $69.56, $66.62
10/09/2018, $70.13, 10327510, $70.76, $70.96, $70.09
10/08/2018, $70.93, 10083940, $70.78, $71.6, $70.56
10/05/2018, $71.21, 11734920, $72.39, $72.66, $70.55
10/04/2018, $72.38, 8598628, $72, $72.7, $71.8569
10/03/2018, $72.64, 7077184, $73.59, $73.885, $72.59
10/02/2018, $73.35, 9220417, $72.4, $73.91, $72.2719
10/01/2018, $72.6, 9335121, $72.46, $73.43, $72.1
09/28/2018, $72.03, 19770810, $71.51, $73.26, $71.25
09/27/2018, $71.71, 12496430, $72.18, $72.68, $71.475
09/26/2018, $71.76, 11301880, $72.68, $73.26, $71.58
09/25/2018, $72.74, 20712780, $72.64, $73.57, $72.58
09/24/2018, $73.58, 15442890, $73.08, $73.85, $72.8
09/21/2018, $73.7, 21312620, $74.83, $74.87, $73.13
09/20/2018, $74.6, 11739370, $74.48, $75.11, $74.2081
09/19/2018, $74.06, 11456680, $75.37, $75.37, $73.77
09/18/2018, $74.72, 11689650, $73.8, $76.5, $73.51
09/17/2018, $73.24, 11556400, $74.84, $75.28, $73.11
09/14/2018, $75.09, 12693840, $74.53, $76.04, $74.41
09/13/2018, $74.61, 22758120, $73.68, $75.36, $73.48
09/12/2018, $71.75, 12589970, $72.09, $72.5, $70.02
09/11/2018, $72.51, 9499596, $71.84, $72.66, $71.81
09/10/2018, $72.32, 14599880, $70.67, $72.75, $70.5
09/07/2018, $70.38, 24413620, $69.84, $70.62, $69.615
09/06/2018, $70.36, 11995700, $70.85, $71.35, $70.19
09/05/2018, $70.89, 15304970, $69.8, $71.065, $69.31
09/04/2018, $69.98, 13023100, $68.74, $70.11, $68.71
08/31/2018, $68.71, 11132260, $67.99, $69, $67.94
08/30/2018, $68.14, 12015000, $68.97, $69.16, $68
08/29/2018, $69.2, 11831540, $69.67, $70.07, $69.14
08/28/2018, $69.78, 24951230, $68.56, $70.4868, $67.9203
08/27/2018, $67.34, 12576320, $67.37, $67.48, $67.215
08/24/2018, $67.15, 15999270, $67, $67.36, $66.94
08/23/2018, $66.86, 12037430, $66.98, $67.29, $66.8
08/22/2018, $66.84, 13859700, $66.22, $67.08, $66.21
08/21/2018, $66.55, 11979450, $66.09, $66.775, $66.03
08/20/2018, $66.16, 13963760, $66.33, $66.59, $65.735
08/17/2018, $66.06, 15169870, $65.5, $66.19, $65.12
08/16/2018, $65.76, 9852520, $65.86, $66.1, $65.5315
08/15/2018, $65.68, 13524180, $65.14, $65.82, $64.545
08/14/2018, $65.43, 7748474, $65.09, $65.62, $64.7749
08/13/2018, $64.84, 6092298, $65.15, $65.23, $64.65
08/10/2018, $64.82, 8316029, $64.65, $64.935, $64.4944
08/09/2018, $65.08, 6491520, $65.1, $65.3, $64.92
08/08/2018, $65.16, 7912014, $65.21, $65.55, $65.12
08/07/2018, $65.44, 7810190, $65.93, $65.93, $65.25
08/06/2018, $65.73, 10876850, $65.86, $66.02, $65.33
08/03/2018, $65.4, 7809337, $64.74, $65.61, $64.67
08/02/2018, $64.77, 10616930, $63.96, $65.04, $63.64
08/01/2018, $64.35, 10706150, $63.55, $64.87, $63.55
07/31/2018, $64.09, 22276660, $63.83, $64.655, $63.5
07/30/2018, $62.04, 9401252, $62.65, $62.98, $61.925
07/27/2018, $62.69, 11974220, $63.22, $63.51, $62.22
07/26/2018, $63.58, 30993600, $63.05, $63.76, $61.26
07/25/2018, $59.42, 12645590, $58.55, $59.5, $57.76
07/24/2018, $58.85, 6635988, $59.35, $59.62, $58.45
07/23/2018, $59.08, 8006231, $58.4, $59.21, $57.815
07/20/2018, $58.61, 10859660, $58.98, $59.18, $58.4002
07/19/2018, $59.31, 8072315, $58.71, $59.59, $58.65
07/18/2018, $58.76, 6192816, $59, $59, $58.37
07/17/2018, $58.91, 7557982, $57.92, $58.91, $57.62
07/16/2018, $58.35, 5901058, $58.42, $58.84, $58.06
07/13/2018, $58.39, 5266069, $58.25, $58.78, $58.18
07/12/2018, $58.32, 8426402, $57.85, $58.49, $57.31
07/11/2018, $57.3, 8698241, $57.43, $58.01, $56.735
07/10/2018, $58.37, 6804134, $58.06, $58.47, $57.95
07/09/2018, $58.04, 4568391, $58.06, $58.305, $57.23
07/06/2018, $57.84, 8806155, $57.46, $58.07, $57.03
07/05/2018, $57.38, 11714030, $55.7, $57.43, $55.65
07/03/2018, $55.33, 3618923, $56.41, $56.5298, $55.25
07/02/2018, $56.18, 7298699, $55.4, $56.22, $55.12
06/29/2018, $56.12, 11273960, $56.13, $56.86, $56.08
06/28/2018, $55.9, 11715190, $55.12, $56.46, $55.09
06/27/2018, $55.17, 11830400, $56.55, $57.53, $55.14
06/26/2018, $56.45, 8926033, $57.08, $57.1455, $56.31
06/25/2018, $57.05, 8635187, $58.09, $58.14, $56.61
06/22/2018, $58.5, 8073976, $58.78, $59.1, $58.43
06/21/2018, $58.75, 6540003, $59.21, $59.21, $58.39
06/20/2018, $58.79, 6525236, $59.18, $59.2, $58.31
06/19/2018, $58.7, 7958117, $58.28, $58.735, $57.85
06/18/2018, $59.2, 6936311, $59.31, $59.37, $58.92
06/15/2018, $59.86, 13803810, $59.87, $59.95, $58.92
06/14/2018, $59.46, 8258294, $59.29, $59.7, $58.95
06/13/2018, $59.22, 9674514, $59.67, $60.23, $59.12
06/12/2018, $59.79, 6956630, $60.11, $60.38, $59.545
06/11/2018, $59.93, 7334965, $60.17, $60.415, $59.82
06/08/2018, $60.26, 7030319, $60.25, $60.62, $59.805
06/07/2018, $60.64, 14780110, $62, $62.65, $60.22
06/06/2018, $59.84, 6224100, $59.26, $59.85, $59.11
06/05/2018, $58.98, 6542890, $58.86, $59.6002, $58.76
06/04/2018, $58.71, 9629054, $58.62, $58.87, $57.95
06/01/2018, $58.61, 8866750, $58.34, $58.73, $58.01
05/31/2018, $58.12, 12812670, $58, $58.57, $57.7601
05/30/2018, $58.39, 9080236, $58.41, $58.65, $57.66
05/29/2018, $58.23, 14670800, $59.5, $59.5999, $57.7
05/25/2018, $59.96, 11479430, $58.85, $60, $58.81
05/24/2018, $59.08, 12381340, $58.58, $59.25, $58.05
05/23/2018, $58.82, 11295930, $56.91, $58.86, $56.83
05/22/2018, $57.39, 9431533, $57.91, $58.36, $57.07
05/21/2018, $57.71, 14235140, $57.68, $58.27, $56.765
05/18/2018, $57.51, 11997160, $56.93, $57.99, $56.396
05/17/2018, $56.95, 11446570, $56.49, $57.3801, $56.39
05/16/2018, $56.7, 8551073, $55.76, $56.81, $55.67
05/15/2018, $55.64, 12047610, $56.5, $56.61, $55.2204
05/14/2018, $56.74, 15385420, $57.33, $57.8, $56.34
05/11/2018, $55.23, 9638470, $54.76, $55.79, $54.619
05/10/2018, $54.97, 12264360, $54.45, $55.07, $53.945
05/09/2018, $53.17, 6988888, $52.86, $53.325, $52.2
05/08/2018, $52.86, 9828384, $53.04, $53.27, $52.105
05/07/2018, $53.01, 9573159, $52.58, $53.27, $52.52
05/04/2018, $52.49, 9873810, $50.18, $52.6, $49.9194
05/03/2018, $50.31, 8581029, $49.99, $50.544, $49.31
05/02/2018, $50.26, 8141141, $51.24, $51.25, $49.92
05/01/2018, $50.82, 6779093, $50.76, $51.05, $50.04
04/30/2018, $51.01, 9446366, $51.25, $51.82, $51
04/27/2018, $51.11, 9231019, $50.75, $51.36, $50.49
04/26/2018, $50.47, 13599720, $49.52, $50.59, $48.56
04/25/2018, $49.75, 9581297, $50, $50.44, $48.87
04/24/2018, $49.94, 11666910, $50.88, $51.29, $49.38
04/23/2018, $50.53, 10850810, $51.5, $51.81, $50.27
04/20/2018, $51.44, 11713030, $52.81, $52.89, $51.32
04/19/2018, $52.57, 19141940, $54, $54.14, $52.5
04/18/2018, $55.23, 4796636, $55.14, $55.62, $54.88
04/17/2018, $55.35, 6505810, $54.99, $55.6767, $54.78
04/16/2018, $54.77, 7849904, $55.94, $55.99, $54.57
04/13/2018, $55.73, 12201270, $56.61, $56.79, $55.4189
04/12/2018, $55.2, 7309566, $55.47, $55.65, $55.02
04/11/2018, $55.01, 5830937, $54.19, $55.07, $54.15
04/10/2018, $54.77, 12012040, $54.58, $55.01, $54.215
04/09/2018, $53.43, 7607529, $53.52, $54.89, $53.34
04/06/2018, $53.12, 8314855, $54.42, $54.77, $53.11
04/05/2018, $55.04, 5650054, $55.49, $55.5, $54.44
04/04/2018, $54.99, 7493471, $53.8, $55.12, $53.421
04/03/2018, $54.78, 7928898, $54.29, $55.05, $53.62
04/02/2018, $53.81, 15454440, $55.1, $55.24, $53.07
03/29/2018, $55.41, 8480974, $55.04, $55.93, $54.6217
03/28/2018, $54.7, 12925100, $54.81, $55.97, $54.455
03/27/2018, $54.84, 12235250, $56.59, $57.24, $54.54
03/26/2018, $56.13, 12090700, $54.58, $56.14, $54.25
03/23/2018, $53.66, 14676260, $55.63, $56.15, $53.65
03/22/2018, $55.58, 13515190, $56.24, $56.83, $55.52
03/21/2018, $56.81, 12221250, $57.5, $58.28, $56.77
03/20/2018, $58.26, 10609650, $58.99, $59.0899, $57.95
03/19/2018, $58.37, 14028590, $60.19, $60.35, $57.9
03/16/2018, $60.62, 25534630, $60.6, $61.49, $60.48
03/15/2018, $59.89, 9418467, $60.03, $60.28, $59.56
03/14/2018, $60.12, 29754510, $59.9, $60.38, $57.895
03/13/2018, $59.7, 38552320, $59.77, $61.4, $59.13
03/12/2018, $62.81, 15147440, $63.05, $63.48, $62.3
03/09/2018, $63.03, 7580183, $62.36, $63.06, $62.12
03/08/2018, $61.82, 9085205, $62.65, $62.74, $61.5655
03/07/2018, $62.49, 11223920, $61.49, $62.61, $61.425
03/06/2018, $62.14, 23413720, $63.5, $63.55, $61.06
03/05/2018, $64.01, 15433290, $64.34, $65.6, $63.54
03/02/2018, $64.74, 10602490, $64.31, $64.85, $64.03
03/01/2018, $64.96, 10791990, $65.03, $66.2372, $64.33
02/28/2018, $65, 9552993, $66.7, $66.72, $64.911
02/27/2018, $66.34, 14182200, $67, $67.629, $66.01
02/26/2018, $66.98, 27310260, $64.55, $67.3599, $64.19
02/23/2018, $63.32, 6756190, $62.81, $63.32, $62.03
02/22/2018, $62.18, 11710550, $63.15, $63.58, $62.03
02/21/2018, $63.4, 14892350, $63.12, $63.86, $62.65
02/20/2018, $63.99, 27419440, $63.01, $64.14, $61.86
02/16/2018, $64.85, 11753750, $64.77, $65.83, $64.595
02/15/2018, $65.28, 15543240, $66.38, $66.38, $63.86
02/14/2018, $66.59, 10325410, $65.15, $66.8, $65.1044
02/13/2018, $65.7, 7673101, $65.23, $65.76, $64.98
02/12/2018, $65.66, 13617350, $64.89, $65.7, $64.39
02/09/2018, $63.99, 23072090, $62.95, $64.32, $61.46
02/08/2018, $62.42, 13427410, $64.63, $65.07, $62.4
02/07/2018, $65.04, 14985820, $64.22, $66.12, $64.02
02/06/2018, $64.4, 24136600, $62.31, $64.53, $62.2
02/05/2018, $61.73, 35871980, $66.3, $66.55, $60.5
02/02/2018, $66.07, 10912810, $66.18, $67.04, $65.86
02/01/2018, $66.8, 16837390, $67, $68.35, $66.32
01/31/2018, $68.25, 13682900, $67.55, $68.38, $67.46
01/30/2018, $66.99, 7786173, $67.43, $67.91, $66.73
01/29/2018, $67.32, 9481156, $68.16, $68.3, $67.24
01/26/2018, $68.53, 7914514, $67.94, $68.53, $67.6
01/25/2018, $67.42, 9106009, $68.14, $68.37, $67.29
01/24/2018, $67.98, 12376750, $68.2, $68.285, $67.38
01/23/2018, $68.34, 7743123, $68.6, $68.895, $68.24
01/22/2018, $68.67, 8565469, $67.81, $68.75, $67.705
01/19/2018, $68.04, 8861726, $68.04, $68.25, $67.75
01/18/2018, $68.05, 6788361, $67.75, $68.18, $67.49
01/17/2018, $68.02, 12531250, $68.52, $68.9, $67.24
01/16/2018, $68.25, 24004060, $66.23, $68.65, $66.03
01/12/2018, $65.38, 4989716, $65.61, $65.9, $65.08
01/11/2018, $65.43, 4232235, $65.2, $65.5, $65.14
01/10/2018, $65.26, 6568227, $65.48, $65.74, $64.88
01/09/2018, $65.27, 7623344, $65.64, $65.86, $64.94
01/08/2018, $66.27, 4264992, $66.25, $66.53, $65.94
01/05/2018, $66.47, 5411054, $66.04, $66.6, $65.5
01/04/2018, $66.03, 5055347, $66.18, $66.53, $65.91
01/03/2018, $65.94, 6837514, $65.22, $66.06, $64.69
01/02/2018, $65.2, 6321493, $64.38, $65.33, $64.17
12/29/2017, $64.02, 6620942, $64.36, $64.65, $64
12/28/2017, $64.38, 2436136, $64.69, $64.73, $64.35
12/27/2017, $64.54, 4890564, $64.32, $64.64, $64.18
12/26/2017, $64.3, 4203674, $64.49, $64.94, $64.2
12/22/2017, $64.73, 4429203, $64.31, $64.98, $64.3
12/21/2017, $64.39, 5420048, $64.75, $64.9604, $64.34
12/20/2017, $64.6, 6932237, $64.56, $65.17, $64.33
12/19/2017, $64.5, 7128588, $65.11, $65.48, $64.43
12/18/2017, $65.38, 7385961, $64.93, $65.46, $64.8
12/15/2017, $64.76, 18824640, $65.33, $65.42, $64.5
12/14/2017, $64.7, 7058316, $64.86, $65.17, $64.545
12/13/2017, $64.9, 6487265, $64.98, $65.425, $64.83
12/12/2017, $64.86, 6987364, $64.88, $65.11, $64.55
12/11/2017, $65.18, 12178010, $64.06, $65.2631, $64
12/08/2017, $64.24, 9364685, $65.6, $65.6, $63.88
12/07/2017, $65.23, 6754179, $65.21, $65.55, $64.77
12/06/2017, $64.98, 6924907, $64.64, $65.68, $64.36
12/05/2017, $64.69, 9607596, $64.85, $65.03, $64.4
12/04/2017, $64.56, 17322970, $65.6, $65.7, $63.8
12/01/2017, $65.49, 15849650, $65.2, $66.12, $64.6
11/30/2017, $66.34, 15486500, $66.51, $67.1, $65.72
11/29/2017, $66.52, 16983100, $68.1, $68.2, $66.03
11/28/2017, $68.38, 12842080, $67.59, $68.41, $67.22
11/27/2017, $68.14, 20395280, $68.6, $68.92, $68.04
11/24/2017, $68.91, 9233511, $68.51, $69.28, $68.45
11/22/2017, $68.13, 15351420, $66.37, $68.26, $66.24
11/21/2017, $66.67, 11213630, $65.35, $66.93, $65.27
11/20/2017, $66.47, 9710785, $66.18, $66.85, $65.95
11/17/2017, $66.72, 12999690, $66.37, $66.95, $66
11/16/2017, $66.11, 12333670, $65.77, $66.54, $65.43
11/15/2017, $65.61, 10559860, $65.55, $66.4838, $65.24
11/14/2017, $66, 14032740, $66.16, $66.8, $65.55
11/13/2017, $66.49, 24350590, $64.96, $66.82, $64.75
11/10/2017, $64.57, 9624536, $64.36, $65.1, $63.92
11/09/2017, $64.6, 15945070, $64.91, $65.33, $63.93
11/08/2017, $65.49, 26471350, $64.21, $65.79, $64.21
11/07/2017, $64.1, 23372660, $62.52, $64.16, $62.45
11/06/2017, $62.52, 58736890, $64.54, $65.33, $62.15
11/03/2017, $61.81, 80796380, $54.76, $64.99, $54.21
11/02/2017, $54.84, 17320180, $53.6, $55.68, $53.6
11/01/2017, $53.46, 15609560, $51.47, $53.49, $50.51
10/31/2017, $51.01, 29877270, $52.26, $52.49, $50.02
10/30/2017, $54.66, 7080720, $54.16, $54.77, $54.08
10/27/2017, $54.57, 8961840, $53.7, $54.7, $53.36
10/26/2017, $53.8, 5268706, $54.1, $54.39, $53.665
10/25/2017, $53.84, 7573657, $53.98, $54.43, $53.475
10/24/2017, $54.25, 11334010, $53.44, $54.44, $53.4
10/23/2017, $53.39, 9775404, $52.3, $53.78, $52.13
10/20/2017, $52.02, 8844049, $52.51, $52.59, $51.94
10/19/2017, $52.29, 6693572, $52.03, $52.4, $52.01
10/18/2017, $52.21, 6032631, $52.54, $52.67, $52.02
10/17/2017, $52.41, 7662715, $52.32, $52.44, $51.8501
10/16/2017, $52.38, 5922842, $52.98, $53, $52.3101
10/13/2017, $52.82, 6997483, $53.38, $53.38, $52.74
10/12/2017, $53, 7128581, $53.88, $54.175, $52.96
10/11/2017, $54.12, 9426613, $53.79, $54.38, $53.66
10/10/2017, $53.87, 8750884, $52.95, $53.9, $52.9
10/09/2017, $52.88, 5817075, $52.68, $52.9799, $52.38
10/06/2017, $52.49, 4789097, $52.16, $52.63, $52.16
10/05/2017, $52.35, 5178780, $52.17, $52.43, $51.96
10/04/2017, $51.96, 4528218, $51.93, $52.12, $51.67
10/03/2017, $52.02, 4377755, $51.99, $52.22, $51.65
10/02/2017, $51.88, 4432695, $52.09, $52.16, $51.7
09/29/2017, $51.84, 5352439, $51.91, $52.0447, $51.62
09/28/2017, $51.75, 5732672, $51.38, $52.04, $51.31
09/27/2017, $51.55, 8200472, $51.43, $51.61, $51.1526
09/26/2017, $51.13, 9378531, $51.75, $51.87, $50.85
09/25/2017, $51.62, 8177978, $51.9, $52.285, $51.61
09/22/2017, $52.09, 4105088, $51.82, $52.23, $51.78
09/21/2017, $52.03, 5749601, $51.86, $52.2, $51.71
09/20/2017, $51.98, 8349707, $52.43, $52.52, $51.48
09/19/2017, $52.3, 4930412, $52.4, $52.5, $52.06
09/18/2017, $52.25, 6001199, $52.24, $52.37, $51.955
09/15/2017, $52.19, 13168570, $51.95, $52.29, $51.44
09/14/2017, $51.48, 7740281, $50.97, $51.59, $50.67
09/13/2017, $51.01, 6183107, $50.8, $51.1054, $50.72
09/12/2017, $50.9, 4517672, $50.6, $51.07, $50.52
09/11/2017, $50.57, 7471396, $49.94, $50.67, $49.91
09/08/2017, $49.64, 12502270, $50.35, $50.45, $48.92
09/07/2017, $50.38, 10034910, $50.56, $50.69, $50.25
09/06/2017, $50.45, 16196880, $50.19, $50.77, $49.83
09/05/2017, $50.03, 17923420, $51.86, $51.9, $49.83
09/01/2017, $52.05, 5301713, $52.53, $52.77, $51.925
08/31/2017, $52.27, 8215456, $52.26, $52.59, $52.12
08/30/2017, $52.12, 4869276, $51.75, $52.286, $51.56
08/29/2017, $51.81, 4972386, $51.31, $51.86, $51.28
08/28/2017, $51.81, 4510636, $51.77, $51.81, $51.46
08/25/2017, $52.03, 8680526, $52.78, $52.8545, $52.02
08/24/2017, $52.49, 6197220, $52.37, $52.71, $52.26
08/23/2017, $52.23, 5258709, $52.3, $52.405, $51.78
08/22/2017, $52.35, 4436862, $52.21, $52.62, $52.21
08/21/2017, $51.98, 5190770, $52, $52.08, $51.5
08/18/2017, $51.92, 6692408, $52.26, $52.415, $51.9
08/17/2017, $52.27, 6209295, $53.19, $53.41, $52.27
08/16/2017, $53.31, 7414452, $54.06, $54.1, $53.255
08/15/2017, $53.87, 7873900, $53.66, $54.08, $53.35
08/14/2017, $53.55, 8117050, $53.04, $53.64, $52.91
08/11/2017, $52.72, 5894003, $52.39, $53.13, $52.29
08/10/2017, $52.34, 10678100, $52.54, $52.75, $52.11
08/09/2017, $52.77, 8084091, $52.05, $52.8, $52
08/08/2017, $52.29, 10456790, $52.55, $53.33, $52.21
08/07/2017, $52.7, 6512811, $52.5, $52.845, $52.49
08/04/2017, $52.62, 8676309, $53, $53, $52.51
08/03/2017, $52.95, 8643428, $53.16, $53.3399, $52.75
08/02/2017, $53.17, 23073980, $53.295, $53.3885, $52.78
08/01/2017, $53.41, 8207783, $53.3, $53.43, $52.91
07/31/2017, $53.19, 11301880, $53.1, $53.295, $52.75
07/28/2017, $52.88, 6643607, $52.27, $52.9865, $52.27
07/27/2017, $52.49, 14058050, $53.08, $53.37, $52.23
07/26/2017, $53.14, 7566436, $53.29, $53.35, $52.74
07/25/2017, $53.27, 7110013, $53.2, $53.65, $53.07
07/24/2017, $53.22, 8813216, $53.75, $53.88, $53.09
07/21/2017, $53.84, 12078680, $53.66, $54, $53.37
07/20/2017, $53.97, 35707180, $55.11, $55.43, $53.46
07/19/2017, $56.78, 8597707, $56.46, $56.9399, $56.01
07/18/2017, $56.29, 7419206, $56.34, $56.38, $56
07/17/2017, $56.46, 5097760, $56.73, $56.92, $56.39
07/14/2017, $56.81, 4439390, $56.5, $56.93, $56.15
07/13/2017, $56.23, 6219216, $56.38, $56.52, $56.17
07/12/2017, $56.2, 6121077, $55.79, $56.31, $55.72
07/11/2017, $55.33, 6114802, $55.63, $55.63, $55.02
07/10/2017, $55.64, 5085958, $55.37, $55.885, $55.19
07/07/2017, $55.35, 5170545, $55.04, $55.73, $54.87
07/06/2017, $54.79, 5660766, $55.02, $55.23, $54.735
07/05/2017, $55.45, 6817608, $55.01, $55.56, $54.78
07/03/2017, $54.95, 4379566, $55.53, $56.02, $54.92
06/30/2017, $55.22, 8754158, $55.6, $55.63, $55.03
06/29/2017, $55.08, 8455545, $55.93, $55.93, $54.55
06/28/2017, $56.16, 7534000, $55.4, $56.32, $55.18
06/27/2017, $55.43, 6813046, $56.29, $56.33, $55.41
06/26/2017, $56.56, 7338463, $57.09, $57.6892, $56.21
06/23/2017, $56.91, 11847780, $56.64, $57.4365, $56.57
06/22/2017, $56.47, 5540624, $56.24, $56.745, $56.06
06/21/2017, $56.33, 8317061, $56.79, $56.84, $56.12
06/20/2017, $56.79, 8166550, $57.46, $57.61, $56.51
06/19/2017, $57.61, 7095308, $56.96, $57.66, $56.91
06/16/2017, $56.82, 14520010, $56.98, $57.01, $56.35
06/15/2017, $56.93, 5409133, $56.42, $57.17, $56.4
06/14/2017, $57.01, 6725290, $57.7, $57.97, $56.67
06/13/2017, $57.54, 7105149, $57.95, $58.065, $57.5
06/12/2017, $57.49, 9984865, $56.52, $57.675, $56.48
06/09/2017, $57.05, 13622010, $58.37, $58.49, $56.74
06/08/2017, $58.12, 10299310, $57.77, $58.15, $57.61
06/07/2017, $57.53, 10104420, $58.3, $58.49, $57.13
06/06/2017, $58.2, 7870567, $58.6, $58.91, $58.18
06/05/2017, $58.86, 7960848, $58.5, $59.05, $58.48
06/02/2017, $58.58, 9525357, $58.89, $58.96, $58.35
06/01/2017, $58.62, 11526420, $57.45, $58.65, $57.35
05/31/2017, $57.27, 14009010, $57.26, $57.73, $57
05/30/2017, $57.34, 11545990, $57.28, $57.74, $57.17
05/26/2017, $57.52, 8223461, $57.66, $57.978, $57.37
05/25/2017, $58.45, 9549459, $58.65, $58.95, $58.261
05/24/2017, $58.64, 8624834, $59.28, $59.62, $58.57
05/23/2017, $59.22, 14210560, $59.38, $59.89, $59.13
05/22/2017, $59.28, 20767670, $58.39, $59.54, $58.38
05/19/2017, $57.67, 16541850, $56.49, $57.79, $56.2
05/18/2017, $56.12, 13125030, $55.58, $56.31, $55.02
05/17/2017, $55.36, 14809650, $55.64, $56.075, $55.3
05/16/2017, $55.95, 9491650, $55.39, $55.98, $55.1
05/15/2017, $55.4, 10657680, $55.08, $55.49, $55.075
05/12/2017, $55.32, 9100734, $54.5, $55.35, $54.4
05/11/2017, $54.68, 13514130, $55.25, $55.3, $54.41
05/10/2017, $55.33, 8496878, $55.22, $55.4273, $54.8627
05/09/2017, $55.15, 8313475, $54.69, $55.19, $54.63
05/08/2017, $54.62, 7025309, $54.99, $55, $54.56
05/05/2017, $54.93, 9073450, $54.93, $55, $54.695
05/04/2017, $54.91, 11993090, $54.73, $55, $54.5
05/03/2017, $54.49, 18350090, $53.41, $54.77, $53.25
05/02/2017, $53.29, 10270480, $53.65, $53.725, $52.9
05/01/2017, $53.6, 12957180, $53.65, $53.7, $53.095
04/28/2017, $53.74, 34366230, $51.8, $53.95, $51.05
04/27/2017, $53.21, 6953922, $53.24, $53.34, $52.91
04/26/2017, $53.04, 7364855, $53.2, $53.3, $52.91
04/25/2017, $53, 11405940, $53.17, $53.49, $52.96
04/24/2017, $52.81, 10704410, $53.01, $53.25, $52.75
04/21/2017, $52.5, 10949060, $52.77, $52.8, $52.21
04/20/2017, $52.66, 24654290, $53.22, $53.4, $51.4
04/19/2017, $52.61, 15330730, $53, $53.1, $52.3
04/18/2017, $52.67, 11260040, $52.6, $52.98, $52.39
04/17/2017, $52.89, 10467010, $52.99, $53.13, $52.75
04/13/2017, $52.79, 16991200, $53.13, $53.675, $52.78
04/12/2017, $53.39, 24818420, $54.64, $54.65, $53.12
04/11/2017, $55.35, 17301120, $56.32, $56.36, $54.72
04/10/2017, $56.52, 6033700, $56.43, $56.81, $56.27
04/07/2017, $56.32, 5229533, $56.58, $56.6, $56.1938
04/06/2017, $56.53, 5757679, $56.44, $56.73, $56.1393
04/05/2017, $56.47, 7849066, $56.8, $57.53, $56.42
04/04/2017, $56.68, 7123895, $56.3, $56.9099, $56.25
04/03/2017, $56.5, 11343160, $57.26, $57.34, $56.04
03/31/2017, $57.34, 10055410, $57.46, $57.69, $56.97
03/30/2017, $57.2, 6358795, $57.36, $57.65, $57.19
03/29/2017, $57.36, 4042596, $57.09, $57.37, $56.86
03/28/2017, $57.38, 5953487, $56.67, $57.61, $56.67
03/27/2017, $56.66, 4726149, $56.72, $56.94, $56.48
03/24/2017, $56.92, 5621109, $57.47, $57.47, $56.64
03/23/2017, $56.81, 7711339, $57.16, $57.27, $56.59
03/22/2017, $57.04, 9114302, $56.73, $57.125, $56.1
03/21/2017, $56.8, 10076580, $57.93, $58.1, $56.74
03/20/2017, $57.81, 7440334, $57.79, $58.07, $57.59
03/17/2017, $57.55, 19813360, $58.57, $58.61, $57.51
03/16/2017, $58.35, 7177484, $58.3, $58.73, $58.16
03/15/2017, $58.52, 9021849, $58.42, $58.75, $58.18
03/14/2017, $58.22, 6275653, $58.375, $58.375, $57.72
03/13/2017, $58.46, 7386128, $59.03, $59.04, $58.2
03/10/2017, $58.64, 9751284, $58.36, $58.79, $58.3
03/09/2017, $57.97, 9869124, $57.65, $58.1, $57.4027
03/08/2017, $57.77, 13163710, $56.92, $58.08, $56.8
03/07/2017, $56.73, 7130835, $56.6, $56.82, $56.19
03/06/2017, $56.45, 7240824, $56.27, $56.56, $56.07
03/03/2017, $56.44, 6972905, $56.52, $56.57, $56
03/02/2017, $56.37, 8417687, $56.95, $57.153, $56.24
03/01/2017, $57.01, 11080890, $56.93, $57.08, $56.27
02/28/2017, $56.48, 10387880, $56.49, $56.52, $55.89
02/27/2017, $56.73, 7120601, $56.56, $56.98, $56.31
02/24/2017, $57.22, 10631100, $57.02, $57.23, $56.5
02/23/2017, $57.14, 10145120, $57.01, $57.305, $56.77
02/22/2017, $57.1, 8688753, $56.78, $57.1, $56.48
02/21/2017, $56.75, 9866703, $56.83, $57.19, $56.58
02/17/2017, $56.46, 12432040, $56.85, $56.94, $56.05
02/16/2017, $56.88, 11598560, $56.58, $56.9, $56.445
02/15/2017, $56.49, 14120750, $55.63, $56.5, $55.49
02/14/2017, $55.48, 13064350, $55.428, $55.52, $54.82
02/13/2017, $54.93, 14506870, $54.58, $55.13, $54.26
02/10/2017, $54, 14031770, $53.1, $54.2825, $52.93
02/09/2017, $52.88, 7613547, $52.91, $53.1, $52.76
02/08/2017, $52.89, 9227823, $53.39, $53.39, $52.72
02/07/2017, $53.27, 10372230, $53.22, $53.28, $52.76
02/06/2017, $52.88, 8206625, $53.31, $53.41, $52.82
02/03/2017, $52.98, 10964040, $52.95, $53.22, $52.75
02/02/2017, $52.66, 14477880, $52.95, $53.0992, $52.37
02/01/2017, $53.15, 16092080, $53.64, $53.8192, $52.86
01/31/2017, $53.43, 13987720, $53.61, $53.64, $52.83
01/30/2017, $53.61, 14850710, $54.39, $54.4, $53.55
01/27/2017, $54.24, 23464180, $54.65, $54.76, $54
01/26/2017, $54.05, 37870380, $55.35, $55.49, $53.5
01/25/2017, $56.9, 27559980, $56.1, $56.98, $55.5
01/24/2017, $55, 41720880, $55.02, $55.7699, $54.7
01/23/2017, $54.88, 93701320, $58.67, $58.67, $53.77
01/20/2017, $62.88, 20765400, $65.19, $65.74, $62.62
01/19/2017, $64.44, 9423465, $64.97, $65.4, $64.36
01/18/2017, $65.13, 15883170, $64.67, $66.09, $63.81
01/17/2017, $64.19, 22404500, $66.71, $66.97, $63.15
01/13/2017, $66.88, 6171819, $66.25, $67.08, $66.16
01/12/2017, $66.12, 6105878, $65.35, $66.18, $65.0546
01/11/2017, $66.1, 8316858, $65.75, $66.11, $65.42
01/10/2017, $65.63, 6075932, $65.95, $66.155, $65.57
01/09/2017, $65.65, 4751403, $65.53, $66.265, $65.49
01/06/2017, $65.53, 6743242, $65.48, $65.87, $64.8601
01/05/2017, $65.55, 5997266, $65.32, $65.9764, $65.05
01/04/2017, $65.47, 6206217, $65.67, $65.95, $65.26
01/03/2017, $65.4, 9501883, $65.86, $66.14, $64.601
12/30/2016, $65.2, 5934414, $66.25, $66.35, $65.04
12/29/2016, $66.04, 3695530, $65.5, $66.08, $65.42
12/28/2016, $65.75, 6489036, $66.65, $67.07, $65.7
12/27/2016, $67.25, 3021707, $67.14, $67.575, $67.06
12/23/2016, $66.86, 3087852, $66.89, $66.94, $66.521
12/22/2016, $66.76, 5900148, $67.64, $67.75, $66.46
12/21/2016, $67.16, 5203454, $67.07, $67.35, $66.82
12/20/2016, $66.91, 6684800, $67.38, $67.56, $66.77
12/19/2016, $67.02, 7863507, $66.79, $67.43, $66.6411
12/16/2016, $66.46, 17899440, $68.49, $68.49, $66.3
12/15/2016, $68.03, 7162436, $68.1, $68.77, $67.31
12/14/2016, $67.56, 9956679, $68.64, $69.18, $67.35
12/13/2016, $69.34, 8382471, $68.72, $70.24, $68.49
12/12/2016, $68.47, 5615300, $68.37, $68.645, $67.92
12/09/2016, $68.52, 5543106, $68.61, $68.89, $67.8
12/08/2016, $68.55, 5546377, $68.42, $69.18, $68.37
12/07/2016, $68.34, 7202394, $67.35, $68.34, $66.955
12/06/2016, $67.45, 6688492, $66.65, $67.48, $66.5
12/05/2016, $66.36, 8603317, $66.38, $66.94, $65.69
12/02/2016, $65.84, 9686593, $63.95, $66.33, $63.95
12/01/2016, $64.16, 16562800, $67.72, $67.92, $63.78
11/30/2016, $68.13, 12450820, $66.8, $68.31, $66.5
11/29/2016, $66.77, 6536446, $67.23, $67.54, $66.63
11/28/2016, $67.1, 8217472, $67.42, $67.7, $66.8
11/25/2016, $68.29, 4200136, $68.16, $68.42, $67.71
11/23/2016, $68.13, 4820166, $68.33, $68.5, $67.75
11/22/2016, $68.31, 9694603, $67.57, $68.6, $67.04
11/21/2016, $67.1, 7868688, $66.86, $67.2, $66.15
11/18/2016, $67.31, 9506336, $66.68, $67.455, $65.94
11/17/2016, $66.67, 6981703, $66.44, $66.77, $66.16
11/16/2016, $66.3, 9544651, $66.71, $66.71, $65.65
11/15/2016, $66.77, 9606171, $66.26, $67.16, $65.95
11/14/2016, $65.93, 8238111, $67.42, $67.42, $65.93
11/11/2016, $66.88, 10224730, $65.87, $67, $65.84
11/10/2016, $66.31, 17767460, $67.81, $68.2101, $64.32
11/09/2016, $67.88, 11604410, $66.63, $68.09, $66.25
11/08/2016, $68.27, 6696351, $68.22, $68.71, $67.63
11/07/2016, $68.46, 9198966, $67.72, $68.58, $67.39
11/04/2016, $66.73, 8572152, $65.74, $67.41, $65.74
11/03/2016, $66.95, 15630930, $67.69, $68.57, $65.93
11/02/2016, $67.09, 15146750, $68.46, $68.6, $67.025
11/01/2016, $68.34, 8909665, $69, $69.35, $67.5411
10/31/2016, $68.72, 10108210, $69, $69.51, $68.68
10/28/2016, $68.4, 17952180, $70.52, $70.53, $67.66
10/27/2016, $70.09, 33921170, $70.8, $71.62, $70
10/26/2016, $68.2, 9227986, $67.31, $68.62, $67.25
10/25/2016, $67.71, 5369950, $67.9, $68.25, $67.48
10/24/2016, $68.06, 6551945, $68.4, $68.45, $67.48
10/21/2016, $67.93, 19664820, $67.11, $69.44, $66.7
10/20/2016, $67.34, 13457430, $65.48, $68.17, $65.48
10/19/2016, $65.79, 5409069, $65.88, $66.065, $65.305
10/18/2016, $66.1, 5965258, $66.18, $66.22, $65.57
10/17/2016, $65.19, 6348159, $65.53, $65.71, $65.09
10/14/2016, $65.7, 6737837, $65.94, $66.59, $65.45
10/13/2016, $65.7, 7225174, $65.55, $66.06, $64.3
10/12/2016, $66.06, 6608123, $66.49, $66.49, $65.06
10/11/2016, $66.09, 8905244, $67, $67.09, $65.45
10/10/2016, $67.25, 7029825, $68.34, $68.58, $67.06
10/07/2016, $68.19, 8315809, $67.53, $68.33, $67.49
10/06/2016, $67.54, 12942510, $66.8, $69.32, $66.23
10/05/2016, $66.84, 6361946, $66.84, $67.42, $66.55
10/04/2016, $66.68, 9740928, $67.7, $67.7, $66.56
10/03/2016, $67.11, 10152810, $68.08, $69.28, $66.87
09/30/2016, $68.5, 34361800, $68.4, $70.4, $68.15
09/29/2016, $67.45, 43065230, $63.28, $68.83, $62.712
09/28/2016, $63.45, 5243441, $63.23, $63.69, $63
09/27/2016, $63.31, 5228184, $62.53, $63.36, $62.44
09/26/2016, $62.31, 6199455, $62.49, $62.56, $61.86
09/23/2016, $62.75, 7794672, $63, $63.57, $62.67
09/22/2016, $63.52, 7895668, $63.71, $64, $63.36
09/21/2016, $63.57, 7481034, $63.1, $63.64, $62.91
09/20/2016, $62.7, 5466124, $63.27, $63.3, $62.53
09/19/2016, $62.86, 6732339, $63.13, $63.39, $62.76
09/16/2016, $62.99, 14676950, $62.88, $63.44, $62.37
09/15/2016, $62.54, 8871186, $61.95, $62.67, $61.55
09/14/2016, $61.59, 5993271, $61.29, $61.95, $61.04
09/13/2016, $61.29, 8385392, $61.82, $62.2, $60.94
09/12/2016, $62.25, 10134790, $60.23, $62.27, $59.93
09/09/2016, $60.52, 10599380, $62.01, $62.29, $60.5
09/08/2016, $62.69, 7688478, $62.03, $62.81, $62.005
09/07/2016, $62.43, 6276277, $63.19, $63.25, $62.32
09/06/2016, $63.09, 5597938, $63.12, $63.39, $62.88
09/02/2016, $63.35, 6325874, $63.53, $63.7, $63.09
09/01/2016, $63.47, 6906300, $62.87, $63.5, $62.51
08/31/2016, $63.07, 6516264, $62.98, $63.12, $62.53
08/30/2016, $62.94, 5042389, $63, $63.51, $62.71
08/29/2016, $62.98, 5354129, $62.42, $63.085, $62.37
08/26/2016, $62.97, 7250318, $62.89, $63.51, $62.65
08/25/2016, $62.64, 4916719, $62.67, $62.96, $62.58
08/24/2016, $62.61, 6896267, $62.92, $63.24, $62.47
08/23/2016, $63.09, 5970572, $63, $63.69, $62.83
08/22/2016, $62.83, 5721040, $62.7, $62.87, $62.35
08/19/2016, $62.76, 7092897, $62.61, $62.84, $62.01
08/18/2016, $63.04, 7929383, $62.35, $63.04, $62.1775
08/17/2016, $62.28, 6806859, $62.22, $62.4, $61.79
08/16/2016, $62.07, 7651216, $62.08, $62.5, $61.76
08/15/2016, $62.43, 6498777, $61.8, $62.49, $61.8
08/12/2016, $61.71, 4947564, $61.54, $61.99, $61.28
08/11/2016, $61.74, 4987581, $61.89, $62.155, $61.67
08/10/2016, $61.71, 3818566, $62, $62.16, $61.44
08/09/2016, $61.99, 5350330, $61.91, $62.44, $61.83
08/08/2016, $61.58, 8410623, $62.05, $62.19, $61.37
08/05/2016, $62, 8269217, $61.52, $62.105, $61.265
08/04/2016, $60.98, 5168565, $61.11, $61.23, $60.73
08/03/2016, $61.01, 6444143, $60.59, $61.11, $60.5
08/02/2016, $60.6, 14727280, $61.74, $61.95, $60.02
08/01/2016, $61.85, 14548260, $62.37, $62.4, $61.58
07/29/2016, $62.58, 8284631, $62.6, $62.82, $62.24
07/28/2016, $62.43, 8512319, $62.44, $62.79, $62.17
07/27/2016, $62.51, 13374060, $61.82, $62.658, $61.65
07/26/2016, $61.35, 11112510, $61, $61.5, $60.77
07/25/2016, $60.73, 9165514, $60.96, $60.97, $60.15
07/22/2016, $61.15, 12486140, $60.21, $61.18, $59.83
07/21/2016, $59.93, 33908150, $59.8, $60.47, $59.13
07/20/2016, $55.82, 17005890, $55.36, $55.95, $55.04
07/19/2016, $55.14, 8161085, $55.73, $55.9, $54.95
07/18/2016, $55.35, 9164630, $55.14, $55.65, $54.98
07/15/2016, $54.75, 10114650, $54.86, $54.86, $54.17
07/14/2016, $54.88, 6586969, $55.19, $55.365, $54.56
07/13/2016, $54.83, 5671352, $54.91, $55, $54.6301
07/12/2016, $54.62, 7400730, $54.45, $54.74, $54.21
07/11/2016, $54.115, 6941404, $53.96, $54.71, $53.94
07/08/2016, $54.19, 6853706, $53.49, $54.33, $53.32
07/07/2016, $52.93, 5763446, $52.58, $53.38, $52.41
07/06/2016, $52.37, 7740222, $51.57, $52.53, $51.16
07/05/2016, $51.94, 10612410, $52.95, $52.97, $51.89
07/01/2016, $53, 6384941, $52.99, $53.39, $52.84
06/30/2016, $53.57, 9253906, $52.9, $53.57, $52.46
06/29/2016, $53.55, 7126271, $53.06, $53.84, $52.75
06/28/2016, $52.51, 7455753, $51.7, $52.555, $51.53
06/27/2016, $51.14, 11674840, $52.29, $52.29, $50.84
06/24/2016, $52.12, 16972770, $53.01, $53.82, $52.12
06/23/2016, $55.55, 8928027, $54.85, $55.57, $54.57
06/22/2016, $54.04, 8480187, $53.9, $54.97, $53.9
06/21/2016, $53.88, 6036306, $54.25, $54.25, $53.595
06/20/2016, $53.89, 8670079, $54.17, $54.66, $53.86
06/17/2016, $53.55, 14498470, $53.73, $53.82, $53.104
06/16/2016, $53.42, 5903251, $52.97, $53.47, $52.48
06/15/2016, $53.28, 8825284, $53.05, $53.56, $52.67
06/14/2016, $52.7, 8886694, $52.66, $53.25, $52.47
06/13/2016, $52.83, 11909730, $53.6, $53.901, $52.735
06/10/2016, $53.83, 15791500, $54.46, $54.75, $53.4
06/09/2016, $54.98, 8726116, $54.4, $55.04, $54.19
06/08/2016, $54.94, 6314812, $54.73, $55.05, $54.67
06/07/2016, $54.84, 5400013, $54.94, $55.18, $54.665
06/06/2016, $54.89, 7904738, $54.98, $55.37, $54.66
06/03/2016, $54.94, 10008080, $54.99, $55.0093, $54.47
06/02/2016, $54.88, 9035779, $54.65, $54.92, $54.285
06/01/2016, $54.79, 12156710, $54.5, $54.97, $54.45
05/31/2016, $54.92, 15091910, $55.39, $55.43, $54.82
05/27/2016, $55.27, 5917751, $55.33, $55.39, $55.02
05/26/2016, $55.74, 7018239, $55.97, $56.14, $55.51
05/25/2016, $55.98, 9271094, $55.7, $56.27, $55.69
05/24/2016, $55.59, 13079940, $54.42, $55.62, $54.4
05/23/2016, $54.18, 9684041, $54.2, $54.86, $54.15
05/20/2016, $54.52, 14001660, $52.97, $54.58, $52.87
05/19/2016, $52.76, 8613953, $52.71, $53.08, $52.26
05/18/2016, $52.79, 10517320, $52.07, $53.34, $52
05/17/2016, $51.99, 9386157, $51.74, $52.28, $51.5
05/16/2016, $51.91, 6823465, $51.32, $52.17, $51.12
05/13/2016, $51.32, 6948416, $51.46, $52.08, $51.105
05/12/2016, $51.51, 9515764, $52.33, $52.53, $51.36
05/11/2016, $52.15, 8323721, $51.83, $52.53, $51.69
05/10/2016, $52.15, 8198562, $51.26, $52.23, $50.97
05/09/2016, $51.2, 7173478, $51, $51.6, $50.79
05/06/2016, $50.92, 9404530, $50.65, $51.1218, $50.38
05/05/2016, $51.13, 10189060, $50.74, $51.27, $50.43
05/04/2016, $50.49, 11286420, $50.19, $50.88, $50.15
05/03/2016, $50.73, 7842068, $50.67, $50.92, $50.19
05/02/2016, $51.11, 7123451, $50.69, $51.17, $50.13
04/29/2016, $50.52, 11399700, $51.83, $52, $50.11
04/28/2016, $52.13, 7787672, $52.48, $53.28, $52.04
04/27/2016, $52.9, 8256010, $52.03, $53.13, $52.01
04/26/2016, $52.91, 7510533, $52.54, $52.96, $52.45
04/25/2016, $52.43, 6923167, $52.6, $52.72, $52.03
04/22/2016, $52.64, 14022500, $51.71, $53.09, $51.68
04/21/2016, $51.67, 16725670, $51.3, $51.8, $50.74
04/20/2016, $52.09, 10999640, $51.93, $52.54, $51.81
04/19/2016, $51.83, 9303087, $51.73, $51.93, $51.3
04/18/2016, $51.55, 7672183, $51.09, $51.73, $50.94
04/15/2016, $51.06, 10138840, $51.93, $51.99, $51.03
04/14/2016, $51.82, 7915058, $51.85, $51.89, $51.24
04/13/2016, $51.92, 13808250, $51.3, $52.44, $51.15
04/12/2016, $50.82, 6112273, $51.05, $51.1, $50.2
04/11/2016, $51, 8637110, $50.86, $51.575, $50.86
04/08/2016, $50.56, 5584826, $50.37, $51.15, $50.25
04/07/2016, $50.03, 7532240, $50.4, $50.45, $49.77
04/06/2016, $50.62, 7631462, $50.14, $50.73, $49.725
04/05/2016, $50.07, 6513252, $50.44, $50.53, $50
04/04/2016, $50.65, 6289589, $50.81, $51.111, $50.51
04/01/2016, $50.88, 9379271, $51.08, $51.11, $50.01
03/31/2016, $51.14, 7312631, $50.87, $51.43, $50.83
03/30/2016, $50.99, 6785643, $51.17, $51.65, $50.73
03/29/2016, $50.69, 9744355, $50, $50.94, $49.67
03/28/2016, $50.19, 9038180, $50.43, $50.61, $49.95
03/24/2016, $50.86, 7526571, $50.63, $50.9, $50.13
03/23/2016, $50.99, 9194408, $52.12, $52.1599, $50.81
03/22/2016, $52.02, 6622605, $51.84, $52.32, $51.79
03/21/2016, $52.21, 11794950, $51.6, $52.35, $51.51
03/18/2016, $51.59, 28991410, $51.69, $51.87, $51.2327
03/17/2016, $51.38, 10190300, $51.15, $51.69, $51.12
03/16/2016, $51.3, 21051900, $51.63, $51.63, $50.91
03/15/2016, $51.63, 12539450, $51.75, $51.83, $50.98
03/14/2016, $52.09, 7407177, $52.24, $52.41, $51.74
03/11/2016, $52.22, 11403670, $52.59, $52.6435, $51.89
03/10/2016, $52.02, 9539053, $51.91, $52.37, $51.17
03/09/2016, $51.95, 13962550, $52.41, $52.52, $51.74
03/08/2016, $52.46, 11684250, $52.89, $53.21, $51.98
03/07/2016, $53.3, 10179910, $52.44, $53.52, $52.3633
03/04/2016, $52.66, 12763680, $52.33, $52.895, $51.9
03/03/2016, $52.38, 12363820, $52.45, $52.81, $51.86
03/02/2016, $52.85, 15667360, $52.39, $52.98, $52.24
03/01/2016, $52.11, 11974950, $51.08, $52.11, $51.06
02/29/2016, $50.79, 12117920, $51.17, $51.53, $50.71
02/26/2016, $51.62, 9527596, $52, $52, $51.22
02/25/2016, $51.64, 8352138, $51.5, $51.79, $50.9
02/24/2016, $51.52, 10966000, $50, $51.66, $49.73
02/23/2016, $50.42, 9350700, $51, $51, $50.11
02/22/2016, $51.28, 16792100, $50.08, $51.29, $50.07
02/19/2016, $49.42, 16196500, $49.04, $50.04, $48.76
02/18/2016, $49.08, 13169360, $48.41, $49.31, $48.02
02/17/2016, $48.41, 14859310, $47.05, $48.53, $47.01
02/16/2016, $46.73, 13831230, $45.6, $46.83, $45.4
02/12/2016, $44.56, 11682620, $43.35, $44.76, $43.08
02/11/2016, $43, 12535390, $42.51, $43.29, $42.24
02/10/2016, $42.96, 10027110, $44, $44.5198, $42.9
02/09/2016, $43.61, 10339330, $43.65, $44.06, $43.165
02/08/2016, $43.89, 12798180, $43.51, $44.16, $42.83
02/05/2016, $44.02, 10707450, $45.45, $45.6, $43.765
02/04/2016, $45.66, 10798860, $44.62, $45.76, $44.38
02/03/2016, $44.73, 16730080, $43.6, $45, $43.31
02/02/2016, $43.15, 21075750, $45.18, $45.4, $42.88
02/01/2016, $46.11, 13075750, $44.71, $46.41, $44.39
01/29/2016, $45.34, 24038690, $44.05, $45.35, $43.67
01/28/2016, $43.59, 27929810, $45.8, $45.82, $43.47
01/27/2016, $47.53, 12287940, $48, $48.58, $47.16
01/26/2016, $48.52, 9269924, $47.6, $48.85, $47.52
01/25/2016, $47.58, 9364813, $47.97, $48.39, $47.52
01/22/2016, $48.07, 11854240, $47.81, $48.28, $47.44
01/21/2016, $47.05, 12909710, $46.36, $47.4401, $45.71
01/20/2016, $45.93, 14690160, $45.5, $46.18, $44.39
01/19/2016, $46.09, 12678450, $46.5, $46.58, $45.47
01/15/2016, $45.82, 17078770, $46.04, $46.51, $45.13
01/14/2016, $47.73, 21499320, $46.21, $48.005, $45.84
01/13/2016, $46.1, 17267110, $47.22, $47.97, $46.07
01/12/2016, $46.52, 9289379, $46.45, $46.68, $45.62
01/11/2016, $46.07, 13576990, $46.36, $46.53, $45.33
01/08/2016, $45.875, 15256220, $46.81, $46.85, $45.84
01/07/2016, $46.14, 20458020, $47.78, $48, $45.98
01/06/2016, $48.64, 15756720, $48.36, $48.66, $47.76
01/05/2016, $49.14, 13458960, $50.46, $50.6, $49.07
01/04/2016, $50.12, 12551800, $49.43, $50.175, $48.91
12/31/2015, $49.985, 7612160, $50.06, $50.439, $49.89
12/30/2015, $50.41, 8526476, $50.88, $51.25, $50.36
12/29/2015, $50.88, 14341110, $50.28, $51.25, $50.07
12/28/2015, $49.58, 8367024, $49.45, $49.81, $49.23
12/24/2015, $49.55, 5352009, $49, $49.875, $49
12/23/2015, $49.04, 9389263, $49.24, $49.52, $48.9
12/22/2015, $49.065, 10127730, $48.53, $49.19, $48.43
12/21/2015, $48.76, 16764090, $47.61, $48.925, $47.54
12/18/2015, $47.43, 45513010, $47.37, $48.04, $47.02
12/17/2015, $47.54, 15316270, $49.32, $49.6, $47.54
12/16/2015, $48.07, 13293940, $48.25, $48.6, $47.15
12/15/2015, $48.02, 20064890, $47.71, $48.81, $46.8
12/14/2015, $46.83, 17181090, $47.41, $47.96, $45.93
12/11/2015, $47.46, 12968620, $48.2, $48.36, $47.34
12/10/2015, $48.57, 11616740, $48.65, $49.57, $48.471
